<?xml version="1.0" encoding="UTF-8" standalone="yes"?>
<addon id="DDFilmes_REPO" name="DD FILMES+ REPO" version="1.0" provider-name="DIDITHX">
    <extension point="xbmc.addon.repository" name="Nome Repository">
        <dir>
            <info compressed="false">https://raw.githubusercontent.com/didithx/DDFilmes_REPO/master/zips/addons.xml</info>
            <checksum>https://raw.githubusercontent.com/didithx/DDFilmes_REPO/master/zips/addons.xml.md5</checksum>
            <datadir zip="true">https://raw.githubusercontent.com/didithx/DDFilmes_REPO/master/zips/</datadir>
        </dir>
    </extension>
    <extension point="xbmc.addon.metadata">
        <summary>DDFilmes_REPO</summary>
        <description>Addon de Filmes e Séries, Para stream pessoal!</description>
        <disclaimer></disclaimer>
        <platform>all</platform>
        <assets>
            <icon>icon.png</icon>
            <fanart>fanart.jpg</fanart>
        </assets>
    </extension>
</addon>